cardinality,method,n_samples,epochs,final_exact_val_sharpe,final_train_loss_mean,final_bad_solves,final_beta_drift,final_psi_drift
10,bigm,128,1.0,-0.1622708810000042,-2.008857587553769,0.0,0.0924371965085274,0.0006637408551142
10,bigm,128,4.0,6.157964387883149,-2.631152357054216,0.0,2.191056241125174,0.0176931826481935
10,bigm,128,16.0,7.813695848071585,-2.777849419940821,0.0,9.75201522901198,0.0757408484003861
10,bigm,512,1.0,0.2688366693953081,-2.0088937580148345,0.0,0.3210904361987072,0.002538104831011
10,bigm,512,4.0,7.73756507613085,-2.753168660093916,0.0,7.02087868343749,0.0559319092419726
10,bigm,512,16.0,6.174074259330939,-2.8385313629414988,0.0,26.339807257421157,2.213794801726425
10,bigm,2000,1.0,3.607359656337639,-2.1667236888726764,0.0,1.2201686015025843,0.0100293444530021
10,bigm,2000,4.0,6.690294467694573,-2.846905269183689,0.0,23.20972295735552,2.8913548686766744
10,bigm,2000,16.0,8.018176099269672,-2.871849805724456,0.0,62.59227168197962,11.950240223990937
10,sdp,16,1.0,-0.2539039168584175,-1.840325737665904,0.0,0.015810786330547,0.0001814113451619
10,socp,128,1.0,-0.165562004791165,-1.9301245317344224,0.0,0.0943783554922565,0.0009067204813306
10,socp,128,4.0,5.71919248714445,-2.670018505976212,0.0,2.321635014168261,0.0234023035962719
10,socp,128,16.0,6.4797309669516165,-2.85615254608913,0.0,4.52754018423715,0.03890003702233
10,socp,512,1.0,0.1122762607206645,-1.9941332614722955,0.0,0.3567169117741056,0.0033567309342961
10,socp,512,4.0,7.923492395965329,-2.891949126734217,0.0,4.591051352451101,0.040091568546125
10,socp,512,16.0,5.2659489030494,-2.9062519103880238,0.0,20.7403269300277,0.0657201791837606
10,socp,2000,1.0,2.762663462552622,-2.1589614656336216,0.0,1.3351405461016803,0.0128250099649415
10,socp,2000,4.0,5.1245508998431735,-2.92405846224506,0.0,15.414152024509551,0.0757386184068771
10,socp,2000,16.0,5.737435707498509,-3.001135922756891,0.0,28.22070909520145,2.4545313279293715
15,bigm,128,1.0,-0.1758807182564931,-2.0085463024544543,0.0,0.0919338851750685,0.0009363916586455
15,bigm,128,4.0,6.213627010746299,-2.6724885191639784,0.0,2.049418831890065,0.0203838009296732
15,bigm,128,16.0,7.854307398193844,-2.859260732509937,0.0,5.672878214924557,0.0411732786736113
15,bigm,512,1.0,0.2353749261602607,-1.9944207085371568,0.0,0.3582469157675227,0.0037694397407916
15,bigm,512,4.0,8.002397485074942,-2.8379535640527167,0.0,4.806170751985063,0.0403434172303907
15,bigm,512,16.0,7.414512284031336,-2.873003995233089,0.0,16.72607627345117,0.1052719317464036
15,bigm,2000,1.0,3.4744104760991896,-2.138440785909402,0.0,1.1567641018149872,0.0113819793818808
15,bigm,2000,4.0,7.53732809611262,-2.859062106407721,0.0,13.372184914715769,0.073082420648972
15,bigm,2000,16.0,8.99131124665572,-2.935524556705308,0.0,28.71311656877976,0.2748510380682432
15,socp,128,1.0,-0.198060133511311,-1.9263498864657016,0.0,0.0958343857453498,0.000938553601941
15,socp,128,4.0,4.916320407148859,-2.605786345678548,0.0,2.3881337072026474,0.0238804776060783
15,socp,128,16.0,6.453451393116647,-2.84489057981932,0.0,4.249390370048133,0.0394101017139224
15,socp,512,1.0,0.017091076728622,-1.979252106023262,0.0,0.3660680966358299,0.0035709298621302
15,socp,512,4.0,8.674788799789976,-2.887662074205481,0.0,4.060608862031731,0.0406703187497316
15,socp,512,16.0,4.085195023443156,-2.832670585833194,0.0,19.64899077614494,0.2988198360464379
15,socp,2000,1.0,2.423198803850184,-2.1092640851246,0.0,1.328680680273912,0.0130447817496844
15,socp,2000,4.0,5.502013026127889,-2.868843083383798,0.0,13.27144437975536,0.0872535236710234
15,socp,2000,16.0,5.7677579220825805,-2.995170450026875,0.0,32.07301151353275,2.0528184994993466
20,bigm,128,1.0,-0.1943537317903045,-1.9467518041842335,0.0,0.0895539909586381,0.0008930750606183
20,bigm,128,4.0,6.149113404187967,-2.626298082709161,0.0,2.0321475523809203,0.0212004134142847
20,bigm,128,16.0,8.56531414117768,-2.912072067557622,0.0,4.862251685885279,0.0377379705241712
20,bigm,512,1.0,0.1844818720188583,-2.026193882400144,0.0,0.3487979410247775,0.0035666760176914
20,bigm,512,4.0,8.541889764068,-2.815333610470912,0.0,4.421957304175538,0.0348939108818692
20,bigm,512,16.0,7.50754449269759,-2.8539986658905785,0.0,10.885275421416113,0.0804614935289235
20,bigm,2000,1.0,3.433665414142116,-2.1471491271016427,0.0,1.1933483644582683,0.0119727473973247
20,bigm,2000,4.0,7.667156472071992,-2.8530399128378936,0.0,12.8896613546385,0.079231244575557
20,bigm,2000,16.0,9.098934516659853,-2.9038824525333355,0.0,16.740934260850263,7.612101572796757
20,socp,128,1.0,-0.2214713673562322,-1.9373136236997008,0.0,0.1001019934905847,0.0009223820606097
20,socp,128,4.0,5.971616574164195,-2.59129027713802,0.0,2.3996778822800118,0.0244797249318798
20,socp,128,16.0,8.300503839736825,-2.8324804013669813,0.0,4.168054992885342,0.043342458337569
20,socp,512,1.0,0.0333515022495429,-1.9658870113192743,0.0,0.3638571040819272,0.0034687314051477
20,socp,512,4.0,7.522085864459616,-2.8458458003101974,0.0,3.8014596801527327,0.0366731579403321
20,socp,512,16.0,8.099874335254263,-2.823642108583168,0.0,11.199695972999669,0.0723391266160886
20,socp,2000,1.0,2.8089293389641803,-2.0879348808346445,0.0,1.3279029849449762,0.0134921470919532
20,socp,2000,4.0,6.528514971086516,-2.8677330569414936,0.0,12.631376249158432,0.0517974092633697
20,socp,2000,16.0,7.022688357190636,-2.9169040648089,0.0,45.43470023144712,1.3252480554608892
